bids_name	aor	aqi	dummy_trs	dvars_nstd	dvars_std	dvars_vstd	efc	fber	fd_mean	fd_num	fd_perc	fwhm_avg	fwhm_x	fwhm_y	fwhm_z	gcor	gsr_x	gsr_y	size_t	size_x	size_y	size_z	snr	spacing_tr	spacing_x	spacing_y	spacing_z	summary_bg_k	summary_bg_mad	summary_bg_mean	summary_bg_median	summary_bg_n	summary_bg_p05	summary_bg_p95	summary_bg_stdv	summary_fg_k	summary_fg_mad	summary_fg_mean	summary_fg_median	summary_fg_n	summary_fg_p05	summary_fg_p95	summary_fg_stdv	tsnr
sub-01_task-frapps_bold	0.0017557518056467499	0.005259174497701903	1	23.759194295098546	1.1184660357950063	0.9692452270170822	0.4729973756596711	1157.3056640625	0.17056746957398847	448	29.415627051871308	2.3718936149283425	2.3027333333333333	2.63973	2.173217511451694	0.0899113	-0.010738507844507694	0.05890122428536415	1523	70	70	48	2.6946675095733053	1.5299999713897705	3.0	3.0	3.4499998092651367	44.88038201814343	3.5444223880767822	22.060209274291992	12.008536338806152	150581.0	9.235062599182129	70.29481506347656	30.062448501586914	2.8968901332843897	133.78271484375	466.9366149902344	437.91168212890625	42220.0	264.12974243164064	760.3208007812498	162.508544921875	50.08452606201172
sub-01_task-localizer_bold	0.0010973880597014926	0.0027875201492537313	1	23.158073332841106	1.1811211202056071	0.9890230983177571	0.4722382436319371	1210.1390380859375	0.1584698812808659	111	20.708955223880597	2.382904001448725	2.3109699999999997	2.6619766666666664	2.1757653376795085	0.0229961	-0.01046072319149971	0.05941289663314819	536	70	70	48	2.722756389354495	1.5299999713897705	3.0	3.0	3.4499998092651367	42.826900099662225	3.579268455505371	22.549543380737305	12.123133659362793	150790.0	9.382462501525879	73.2435623168945	30.74217414855957	2.6642257242828995	137.6551971435547	480.8412780761719	451.8115539550781	42065.0	272.0246337890625	782.1555664062499	165.9370574951172	68.98616027832031
sub-02_task-frapps_bold	0.0026137549933422104	0.012656452869507324	1	23.048860872658214	1.0558768382411716	0.9735159418920711	0.5180172302534279	722.961669921875	0.2004964221669646	778	51.797603195739015	2.541627828375171	2.3718798114999284	2.8722935616027168	2.3807101120228684	0.0191776	0.009235287085175514	0.08500862866640091	1502	70	70	48	2.9268303143644108	1.5299999713897705	3.000000238418579	2.999999761581421	3.450000047683716	51.287410723296006	8.273750305175781	33.827632904052734	15.641144752502441	144981.0	8.937416076660156	112.16644287109375	56.349273681640625	3.0022232616020084	120.9061050415039	467.6910095214844	443.84552001953125	46609.0	264.82781982421875	744.8810424804688	151.64553833007812	35.87860870361328
sub-02_task-localizer_bold	0.0031358208955223877	0.004424433582089552	1	23.60092747771962	1.1674224265420547	1.0196056146915877	0.5178357402683512	756.1409912109375	0.19980045907786992	280	52.23880597014925	2.4958399192199465	2.34083	2.8252202245283304	2.321469533131509	0.019053	0.011132811196148396	0.08420251309871674	536	70	70	48	2.914785428817164	1.5299999713897705	3.0	2.999999761581421	3.450000047683716	47.31405335406993	7.924729824066162	34.897361755371094	15.684700965881348	145172.0	9.79477596282959	118.98777618408201	57.51225662231445	2.793505796664033	124.96729278564453	479.9007568359375	455.09326171875	46367.0	270.68711242675784	765.2779541015625	156.13099670410156	60.513450622558594
sub-03_task-frapps_bold	0.0033447697368421047	0.006333869125	1	26.53170440716259	1.191369729229757	1.0161612912113227	0.5164147538680376	893.1856689453125	0.21039469900861102	702	46.18421052631579	2.4709434189433392	2.34248	2.68093	2.389420256830018	0.0443994	0.0024824170395731926	0.07538626343011856	1520	70	70	48	2.5018345668927457	1.5299999713897705	3.0	3.0	3.450000047683716	38.60182484090179	5.37150764465332	30.99754524230957	13.937500953674316	140389.0	9.86776351928711	113.88684539794923	49.99613571166992	3.3522597109884096	143.12188720703125	482.3407287597656	446.40069580078125	50246.0	264.54524993896484	811.6327667236328	178.4275665283203	44.63594055175781
sub-03_task-localizer_bold	0.004078152985074627	0.005858128768656717	1	29.328799591682266	1.175771436149533	0.9897213366542055	0.5172191871636322	908.2412109375	0.23017599787657697	245	45.708955223880594	2.4893101338593993	2.3592766666666667	2.7062566666666665	2.402397068244864	0.0241073	0.0036321973893791437	0.07502090930938721	536	70	70	48	2.5550659486690126	1.5299999713897705	3.0	3.0	3.450000047683716	35.98768704155216	5.65103816986084	31.901369094848633	14.17164134979248	140534.0	9.914178848266602	119.3259288787842	51.51779556274414	3.11308320971314	145.85931396484375	492.82183837890625	458.57275390625	50091.0	270.3609924316406	822.4085693359375	179.47410583496094	45.0191535949707
sub-04_task-frapps_bold	0.004099785234899329	0.011946608704697987	1	25.635030298139693	1.0632895838146414	0.9646125735661508	0.4962994849658673	898.9446411132812	0.1877620241056783	517	34.69798657718121	2.639527525119892	2.44791	3.058756666666667	2.4119159086930106	0.052521	-0.014427615329623222	0.0785561054944992	1490	70	70	48	2.6890479959105438	1.5299999713897705	3.0	3.0	3.450000047683716	39.54890011694702	5.059752464294434	30.042116165161133	13.505369186401367	150713.0	9.208724975585938	122.43960266113277	48.112030029296875	1.218170203845136	134.83323669433594	456.19696044921875	433.89263916015625	42313.0	227.39571838378907	753.8367797851563	161.35357666015625	27.852508544921875
sub-04_task-localizer_bold	0.0033563500931098698	0.003782864972067039	0	26.04083167619402	1.155406597276118	0.9894932376492532	0.4981318052502771	928.1054077148438	0.18268885470081228	110	20.484171322160147	2.559756945817271	2.4081366666666666	2.947673333333333	2.3234608374518126	0.0290133	-0.014549762941896915	0.0777587965130806	537	70	70	48	2.754440972046893	1.5299999713897705	3.0	3.0	3.450000047683716	27.317110343041108	4.988943576812744	31.828027725219727	13.694600105285645	151193.0	9.864059448242188	135.36685180664057	51.13532257080078	1.1298979475810693	136.93226623535156	469.59918212890625	448.3445129394531	41800.0	238.12839965820314	770.8381042480469	162.76956176757812	54.32277297973633
sub-05_task-frapps_bold	0.003275911784068466	0.006746037300855826	1	23.028354462681097	1.1167609198945974	0.9797463537483544	0.5291551554510736	767.21142578125	0.13254431538182407	135	8.887425938117183	2.5041701337875284	2.3558766666666666	2.7386366666666664	2.417997068029251	0.0443248	-0.006108490284532309	0.09132541716098785	1519	70	70	48	2.6703279671532223	1.5299999713897705	3.0	3.0	3.450000047683716	38.53525584508516	6.109512805938721	30.044443130493164	14.184660911560059	138510.0	8.66886043548584	112.29907493591304	46.97030258178711	1.2652034684248692	131.67147827148438	447.3429260253906	419.94403076171875	51559.0	236.3000549316406	744.2071594238281	157.26156616210938	43.21919250488281
sub-05_task-localizer_bold	0.0005995903165735568	0.0025788872253258844	0	22.953651054309677	1.146553031175373	0.9707710988805965	0.5289220960981807	813.6054077148438	0.1196150624314393	41	7.635009310986964	2.5008490227037523	2.3474166666666667	2.743066666666667	2.412063734777924	0.0223299	-0.004342639818787575	0.09097237139940262	537	70	70	48	2.655983803645715	1.5299999713897705	3.0	3.0	3.450000047683716	32.54986752114835	5.541121482849121	31.132192611694336	14.176908493041992	138721.0	9.903165817260742	119.93109893798828	48.48135757446289	1.261568966809823	136.37181091308594	460.7724914550781	432.8659362792969	51485.0	242.2253234863282	767.1005493164051	162.97604370117188	66.53238677978516
sub-06_task-frapps_bold	0.004179993324432577	0.004901255527369827	1	25.65821619738811	1.1434180324782917	1.035050041549768	0.5171830845359661	847.7369384765625	0.25730648392964683	971	64.81975967957277	2.4398483957872137	2.32396	2.8228866666666668	2.1726985206949743	0.0459647	-0.0013834520941600204	0.08619815856218338	1498	70	70	48	2.6446451115783507	1.5299999713897705	3.0	3.0	3.450000047683716	64.68045114027427	5.816591262817383	29.30303955078125	14.065421104431152	141107.0	9.578104972839355	104.03444900512663	47.398807525634766	2.515834057871591	131.81101989746094	465.56219482421875	438.7643737792969	49310.0	240.8335548400879	768.6628631591796	165.905029296875	49.699806213378906
sub-06_task-localizer_bold	0.0008328171641791045	0.004194205988805971	1	25.167179820598115	1.0481745860186906	0.9438802870280377	0.5170079033527927	873.7180786132812	0.2518079271019273	362	67.53731343283582	2.4717053521293018	2.34449	2.8589333333333333	2.211692723054572	0.0182206	0.0005565659375861287	0.0863548070192337	536	70	70	48	2.6675430904135005	1.5299999713897705	3.0	3.0	3.450000047683716	55.15143709901533	5.9193434715271	29.995988845825195	14.235074043273926	141461.0	9.656716346740723	108.35820770263672	47.808258056640625	2.1130217090682244	136.0177001953125	475.83892822265625	449.8824462890625	49150.0	245.18768463134765	786.0955078124995	168.64877319335938	55.74810028076172
sub-07_task-frapps_bold	0.002345859531772575	0.005126746535117056	0	22.43470387666668	1.140294050963855	1.020356511740294	0.49208870566195917	1001.1216430664062	0.17086511859463627	428	28.62876254180602	2.4565902310080965	2.3358166666666667	2.74667	2.287284026357623	0.0471095	-0.0021647759713232517	0.08198108524084091	1495	70	70	48	2.96145447859112	1.5299999713897705	3.0	3.0	3.450000047683716	63.66714662913682	3.884516716003418	25.917991638183594	12.446822166442871	149893.0	9.339798927307129	83.87197113037108	45.03380584716797	1.1722830615288382	121.01104736328125	438.71923828125	421.17559814453125	42940.0	235.86725234985352	694.3305664062498	142.21751403808594	51.727760314941406
sub-07_task-localizer_bold	0.0071154748603351956	0.005843111787709497	0	24.229773859477607	1.152796946343284	1.0573686415298498	0.48996585487441463	1040.1776123046875	0.21489635460268283	238	44.320297951582866	2.517131196887895	2.3943866666666667	2.803786666666667	2.353220257330352	0.0166751	-0.0013354051625356078	0.07756289839744568	537	70	70	48	2.9416476558448643	1.5299999713897705	3.0	3.0	3.450000047683716	59.02020513219102	4.240739822387695	26.34986686706543	12.629423141479492	150289.0	9.106144905090332	86.71285095214847	44.71398162841797	1.0442238661241223	126.55680847167969	451.0635681152344	434.70391845703125	42651.0	236.5875244140625	716.2942199707031	147.77392578125	48.427154541015625
sub-08_task-frapps_bold	0.002265424528301887	0.007296836940700808	0	27.55232114012137	1.1517853822589355	1.025050014005395	0.5089932828187143	790.7518920898438	0.19237238404896795	681	45.889487870619945	2.445996079533433	2.2861366666666667	2.833216666666667	2.218634905266964	0.0202777	0.019771140068769455	0.08205072581768036	1484	70	70	48	2.6474296583610064	1.5299999713897705	3.0	3.0	3.4499998092651367	41.602895080583394	6.101248741149902	33.2442626953125	14.083558082580566	148771.0	9.17082166671753	125.95855331420898	56.084232330322266	2.1459190444468357	123.4306640625	452.64178466796875	421.52899169921875	43598.0	252.36326293945314	756.7073944091796	159.22015380859375	42.19001007080078
sub-08_task-localizer_bold	0.001491191806331471	0.0036292849348230913	0	26.04300073744404	1.1644110291231342	1.0033340626679101	0.5112533805741168	810.1195678710938	0.20545224262782577	255	47.486033519553075	2.4384875259887955	2.2841066666666667	2.80804	2.2233159112997205	0.0154124	0.02297350950539112	0.08265357464551926	537	70	70	48	2.6813969027138573	1.5299999713897705	3.0	3.0	3.450000047683716	37.04596476236448	6.275521278381348	35.18594741821289	14.35195541381836	148899.0	9.515829086303711	136.1830535888672	60.18486022949219	2.0310943073140013	126.43256378173828	463.5993957519531	432.8454284667969	43495.0	257.74077758789065	770.0344482421874	161.42349243164062	61.314964294433594
sub-09_task-frapps_bold	0.0015328256513026054	0.008038121195724784	0	27.628897264084234	1.1553567719652396	0.9759102447459878	0.5021842946793337	911.423583984375	0.18837289068307264	537	35.87174348697395	2.4798371388685925	2.3780433333333333	2.6977666666666664	2.3637014166057777	0.0477736	-0.015178958885371685	0.09442894160747528	1497	70	70	48	2.562279726660968	1.5299999713897705	3.0	3.0	3.450000047683716	65.4249671384748	5.127209186553955	28.38756561279297	13.406814575195312	144626.0	9.108217239379883	92.79776382446289	47.925296783447266	4.423120349327777	128.6248779296875	465.6257629394531	433.36273193359375	47271.0	261.02171325683594	774.4048461914062	169.12991333007812	41.608375549316406
sub-09_task-localizer_bold	0.0017017537313432838	0.004122106399253731	1	26.021742583925228	1.2047050724672894	1.0052761785420563	0.5019617771309115	945.277587890625	0.16838051891545375	162	30.223880597014926	2.4738275254469984	2.3774566666666668	2.70311	2.3409159096743277	0.0269219	-0.013234361074864864	0.09237391501665115	536	70	70	48	2.5999345019942597	1.5299999713897705	3.0	3.0	3.450000047683716	57.550696862469664	5.100594997406006	28.895566940307617	13.531716346740723	145078.0	9.511194229125977	96.58451347351073	47.51156997680664	4.44424812183102	131.49520874023438	476.03704833984375	444.1875	46840.0	267.3052185058594	787.5150878906247	170.8438262939453	57.23771286010742
sub-10_task-frapps_bold	0.002592006389776358	0.009115776575079872	0	19.359809393772423	1.06109659185422	0.9854999274040924	0.5018198494390608	954.7650146484375	0.1776296067678301	627	40.063897763578275	2.5542964142968803	2.4599100000000003	2.853596666666667	2.3493825762239737	0.0567009	-0.0057794018648564816	0.0803666040301323	1565	70	70	48	2.8869956987005327	1.5299999713897705	3.0	3.0	3.450000047683716	44.85156461039964	5.398944854736328	30.272470474243164	13.62747573852539	148677.0	9.205750465393066	107.61430816650389	51.67776870727539	2.3815812709506554	124.16961669921875	469.4334411621094	448.48211669921875	43846.0	258.73912811279297	748.4785919189453	155.34384155273438	38.924659729003906
sub-10_task-localizer_bold	0.002535344506517691	0.007728043035381751	0	19.883094726996244	1.0732355663619408	0.9935339187126866	0.5005707066622039	976.1777954101562	0.18519169646792036	203	37.80260707635009	2.5776489262565665	2.49356	2.8644766666666666	2.3749101121030325	0.0100382	-0.003658892586827278	0.07889937609434128	537	70	70	48	2.8604681501236073	1.5299999713897705	3.0	3.0	3.450000047683716	41.71347907139323	5.748189926147461	30.761981964111328	13.891992568969727	148676.0	9.275605201721191	110.84497261047363	51.63920593261719	2.228489879084673	129.57861328125	482.3507080078125	461.6871643066406	43842.0	259.3843505859375	771.1508178710938	161.40081787109375	42.56608200073242
sub-11_task-frapps_bold	0.0024158917835671342	0.007919356199064797	1	21.37949479193846	1.031704805307487	0.9587253834558831	0.4852901779231537	958.4361572265625	0.19056922363932371	675	45.09018036072144	2.37346018337913	2.2509533333333334	2.729786666666667	2.1396405501373876	0.0455298	0.0010081968503072858	0.058620158582925797	1497	70	70	48	2.8502424888172904	1.5299999713897705	3.0	3.0	3.450000047683716	52.44097741378105	4.5300092697143555	25.573347091674805	12.812292098999023	153428.0	9.202404975891113	87.01710624694823	38.63719940185547	1.7408267665299233	114.11087799072266	444.7273254394531	421.5638122558594	40015.0	237.83594970703126	719.4738342285157	147.90269470214844	41.40110778808594
sub-11_task-localizer_bold	0.0006458582089552238	0.006606566361940298	1	21.771364504467297	1.0070275665794395	0.9160486404672892	0.4869931881195194	948.607421875	0.1830252208601597	238	44.40298507462686	2.410474676056688	2.293293333333333	2.7819800000000003	2.1561506948367315	0.00584743	0.0033913077786564827	0.058118291199207306	536	70	70	48	2.855802369939345	1.5299999713897705	3.0	3.0	3.450000047683716	43.11959182884785	4.873778343200684	26.53909683227539	13.139925003051758	153484.0	9.358208656311035	93.03702850341797	39.46417236328125	1.74025403690512	117.36619567871094	452.6504821777344	430.2518615722656	39977.0	237.75186462402345	728.3563476562498	150.65695190429688	49.52284240722656
sub-12_task-frapps_bold	0.005929207195203198	0.011378568467688206	1	29.195614203200012	1.169162389466664	1.0869740125399985	0.5452734116789889	573.3766479492188	0.29177464582276225	1128	75.14990006662225	2.4316136125521233	2.285266666666667	2.7009133333333337	2.308660837656369	0.0210084	0.001686606090515852	0.10467115044593811	1501	70	70	48	2.6955557989882006	1.5299999713897705	3.0	3.0	3.450000047683716	67.83813406011669	9.391459465026855	35.773860931396484	16.688207626342773	136617.0	9.014523887634278	121.69380493164061	58.2485466003418	2.5393067934585423	131.03895568847656	453.2246398925781	425.2038879394531	53403.0	251.90679931640628	748.3635009765625	157.7410888671875	32.75323486328125
sub-12_task-localizer_bold	0.0013173556797020482	0.007653598901303537	0	28.93994033145522	1.0998067437313424	0.9465848570522387	0.5465538135517279	568.4806518554688	0.2773489904740915	391	72.8119180633147	2.425989071540707	2.2797533333333333	2.7007066666666666	2.2975072146221214	0.0304856	0.0033735327888280153	0.10207826644182205	537	70	70	48	2.6804025614607463	1.5299999713897705	3.0	3.0	3.450000047683716	52.00555397860305	9.44365119934082	37.44974899291992	17.15456199645996	136704.0	9.895716667175293	129.82811584472654	59.469879150390625	2.332679946553136	136.39529418945312	467.5118713378906	439.41619873046875	53262.0	255.29693450927735	773.1475891113281	163.9351043701172	43.590049743652344
sub-13_task-frapps_bold	0.0028697953964194373	0.008822680358056266	1	23.05167780772875	0.9851990125015985	0.9436277229110666	0.4909784379308709	927.7921142578125	0.15831767968107033	321	20.524296675191817	2.6337746265618365	2.4910733333333335	2.9967433333333333	2.4135072130188426	0.0491147	-0.009571786969900131	0.06535662710666656	1564	70	70	48	2.876213538910661	1.5299999713897705	3.0	3.0	3.450000047683716	68.36807129234079	4.558717250823975	24.05790901184082	12.820971488952637	148753.0	8.886828422546387	71.27506561279296	37.33427810668945	1.1379181210413662	120.23628997802734	439.3513488769531	418.07257080078125	43756.0	235.25032424926758	713.0143585205078	145.35353088378906	35.669586181640625
sub-13_task-localizer_bold	0.003962122905027933	0.0070095349534450655	0	21.48085553083955	0.931747173190298	0.927702588414179	0.4914856249019498	949.3920288085938	0.1467542028943543	93	17.318435754189945	2.6631918728063235	2.5120666666666667	3.03528	2.4422289517523037	0.0145329	-0.008653958328068256	0.06656289845705032	537	70	70	48	2.8845301709329028	1.5299999713897705	3.0	3.0	3.450000047683716	64.7413298228865	5.016551494598389	24.949363708496094	13.093110084533691	148727.0	8.72625732421875	77.04599609374996	38.22494888305664	1.09819871682351	125.13491821289062	452.3342590332031	432.5726318359375	43722.0	238.4544692993164	732.2625091552733	149.9612274169922	43.487831115722656
sub-14_task-frapps_bold	0.0022770475561426683	0.010691511862615587	1	23.15672043678121	1.0739299204626578	0.9231010281097174	0.4745309029455503	1235.2493896484375	0.1408006511004941	161	10.634081902245708	2.4833261243803526	2.38088	2.706376666666667	2.362721706474391	0.0516814	-0.00218477682210505	0.059936683624982834	1514	70	70	48	3.0715087281155093	1.5299999713897705	3.0	3.0	3.450000047683716	79.4777184967824	3.739802122116089	21.407255172729492	11.817702293395996	151594.0	8.472919464111328	68.55653953552252	32.67806625366211	1.3147701408977657	124.16060638427734	459.9830322265625	442.6829833984375	41739.0	254.7626251220703	717.7947570800777	144.1238555908203	33.45086669921875
sub-14_task-localizer_bold	0.005569272388059702	0.005960508152985075	1	24.899689045233625	1.158644971869158	0.983479128598131	0.4737519897712033	1309.8316650390625	0.1622979739729074	76	14.17910447761194	2.4524120182507922	2.3544300000000002	2.67278	2.3300260547523766	0.0299269	-0.0007638322422280908	0.06064322590827942	536	70	70	48	3.0982411732789794	1.5299999713897705	3.0	3.0	3.450000047683716	71.66289906332644	3.5239460468292236	21.84098243713379	11.757462501525879	151895.0	8.861940383911133	72.52854309082029	33.53010177612305	1.2185227294398686	127.16915893554688	470.9732666015625	453.817138671875	41569.0	262.607080078125	732.0074584960937	146.47396850585938	47.678504943847656
sub-15_task-frapps_bold	0.002585310206804536	0.008366025096731155	0	23.115582540607498	1.1038231932510028	0.9763324273765016	0.5257289468922516	713.949951171875	0.17334500417731907	462	30.820547031354238	2.4170633228767016	2.3359733333333335	2.64555	2.2696666352967716	0.0566562	0.014169050380587578	0.08245775103569031	1499	70	70	48	2.845465190035299	1.5299999713897705	3.0	3.0	3.450000047683716	29.96867801908924	7.1138200759887695	34.72075653076172	15.091060638427734	146000.0	9.527018547058105	138.5953292846679	55.71400451660156	1.3465443697883677	126.026123046875	451.837158203125	428.3128967285156	45627.0	245.94216766357422	726.1301696777343	150.52308654785156	42.29695129394531
sub-15_task-localizer_bold	0.0016884171322160148	0.0049730288640595895	0	24.115716678059705	1.1295937148320894	0.9868920371268656	0.5268440174531759	728.4610595703125	0.1976680320984126	220	40.968342644320295	2.4588758347737305	2.3744366666666665	2.6933966666666667	2.3087941709878597	0.0164952	0.01852175034582615	0.08149674534797668	537	70	70	48	2.8264387987045425	1.5299999713897705	3.0	3.0	3.450000047683716	25.569629268345736	7.523447036743164	36.41889953613281	15.426443099975586	145884.0	9.527002334594727	148.79423294067394	58.33603286743164	1.3050967071276762	132.5576171875	464.80474853515625	440.89385986328125	45780.0	250.92542877197266	749.5757171630859	155.9874725341797	53.36388397216797
sub-16_task-frapps_bold	0.0019324034620505992	0.013723378601864183	1	36.15267000700864	1.0914906034910048	1.0439413949566958	0.5375300696267531	603.3614501953125	0.4229902517853841	1259	83.82157123834887	2.6355830800559437	2.4537	2.9066666666666667	2.5463825735011643	0.0218637	-0.006822928320616484	0.11428739875555038	1502	70	70	48	2.4469873458186058	1.5299999713897705	3.0	3.0	3.450000047683716	28.516647467444947	9.95870304107666	38.98967361450195	17.222370147705078	138185.0	8.812383270263673	148.94313964843735	58.7711296081543	2.3371978369115567	146.5970001220703	486.24993896484375	450.5392761230469	52277.0	254.9199645996094	832.2388549804687	184.11822509765625	28.91745376586914
sub-16_task-localizer_bold	0.005863054003724395	0.007304767616387336	0	32.110397719608194	1.1811654062500005	1.0783238592723878	0.536137371080135	656.6129760742188	0.3370298217600533	315	58.659217877094974	2.593337959433843	2.4083566666666667	2.8580166666666664	2.513640544968197	0.0289877	-0.005654867738485336	0.11288680881261826	537	70	70	48	2.484598475113507	1.5299999713897705	3.0	3.0	3.450000047683716	23.119173941634603	9.420183181762695	39.62221908569336	17.029794692993164	138804.0	9.813780784606934	154.08864135742203	58.830360412597656	2.2148380898827744	150.48690795898438	499.38525390625	464.1657409667969	51746.0	262.47159576416016	852.2243804931641	186.81539916992188	42.599456787109375
sub-17_task-frapps_bold	0.003313838582677165	0.007417777217847769	0	21.737401276021014	1.1003666010571227	1.0221135921076825	0.5300915037593692	656.8118286132812	0.13349699618809863	236	15.485564304461942	2.560834964444265	2.392396666666667	2.8154299999999997	2.4746782266661294	0.0362681	-0.0031506374944001436	0.099250927567482	1524	70	70	48	2.811544696482222	1.5299999713897705	3.0	3.0	3.450000047683716	59.97807693084091	7.800200462341309	34.29302215576172	15.518372535705566	142783.0	9.148293495178223	122.07710266113278	56.486576080322266	1.381817320479123	125.26093292236328	446.9693603515625	424.6273193359375	48690.0	237.89367446899413	727.2676483154296	151.02835083007812	46.3614616394043
sub-17_task-localizer_bold	0.002831973929236499	0.003586494878957169	0	21.654159684701497	1.1493181138246273	1.0261007910261184	0.5290554763810013	678.9442749023438	0.140781111920744	115	21.415270018621975	2.5485009879788243	2.3986998093684666	2.79858	2.4482231545680064	0.022675	0.0010461919009685516	0.09642257541418076	537	70	70	48	2.810601742622573	1.5299999713897705	3.000000238418579	3.0	3.450000047683716	67.80123443585252	7.429576873779297	34.82014465332031	15.633147239685059	142829.0	10.040968894958496	125.6770965576172	57.72412872314453	1.2373914900798235	130.1225128173828	456.9067687988281	435.25421142578125	48722.0	238.52226104736326	740.5035217285156	154.8599853515625	62.5235481262207
sub-18_task-frapps_bold	0.0030755059920106525	0.009164626171770971	2	20.64614754166553	1.036453482438375	0.9852360045436388	0.4846960515916523	935.56787109375	0.21195657610717203	795	52.929427430093206	2.5956814381357813	2.3977999999999997	2.97134	2.417904314407344	0.0204497	0.0004320299776736647	0.06519851833581924	1502	70	70	48	2.818473038963577	1.5299999713897705	3.0	3.0	3.450000047683716	69.84887686646974	4.586986064910889	25.283832550048828	12.581890106201172	152717.0	8.837549209594727	83.22369689941401	39.769466400146484	1.327068993529716	123.09449005126953	423.211181640625	407.94805908203125	40727.0	208.49207153320313	680.298095703125	144.73902893066406	35.1763916015625
sub-18_task-localizer_bold	0.0015956954887218046	0.002849550770676692	5	19.891765404086627	1.1182464910546148	1.0066774865536727	0.48279038639737293	1007.09033203125	0.1699668907445144	193	36.278195488721806	2.5567091194838802	2.372053333333333	2.9211233333333335	2.3769506917849736	0.018253	0.002735996153205633	0.06252114474773407	532	70	70	48	2.8939408672873483	1.5299999713897705	3.0	3.0	3.450000047683716	63.33564290203937	4.272235870361328	25.2564754486084	12.398496627807617	153138.0	9.109023094177246	84.89718475341795	39.53453063964844	1.073083054139726	124.49400329589844	431.7821960449219	417.47650146484375	40340.0	213.07463150024412	689.2671295166012	144.2570343017578	67.60272979736328
sub-19_task-frapps_bold	0.004402690095846645	0.01581770777635783	0	25.291229343216173	1.0932829775767272	0.9884200965281329	0.48607942939223253	1123.713134765625	0.20247158384797315	713	45.5591054313099	2.611005351249648	2.4239266666666666	3.006463333333333	2.4026260537489454	0.0188828	-0.019863974303007126	0.07824837416410446	1565	70	70	48	2.7574225111785995	1.5299999713897705	3.0	3.0	3.450000047683716	62.81760322162911	3.166989326477051	22.503358840942383	11.719488143920898	147771.0	8.762300491333008	75.3130989074707	35.368614196777344	1.9967609717568635	122.30047607421875	449.2930603027344	419.51275634765625	44400.0	261.27712097167966	742.914447021484	152.1377410888672	28.850725173950195
sub-19_task-localizer_bold	0.002024477611940298	0.004177621455223881	1	24.64416339902804	1.1926552632897207	1.0093477453831774	0.48888660202752204	1139.6932373046875	0.1798531831441373	174	32.46268656716418	2.572976704214943	2.41464	2.9685799999999998	2.3357101126448296	0.0300211	-0.021379774436354637	0.08046331256628036	536	70	70	48	2.7568756948647666	1.5299999713897705	3.0	3.0	3.450000047683716	50.617070826424694	3.167126417160034	24.008146286010742	11.87686538696289	147937.0	9.423507690429688	82.62014617919915	38.392066955566406	1.9342580710971902	125.90499877929688	461.3885498046875	431.171630859375	44263.0	266.7604309082031	764.5982788085938	156.39688110351562	57.082000732421875
sub-20_task-frapps_bold	0.0017542440318302386	0.013183231810344826	0	25.470851526091558	0.987147245136032	0.906077384193762	0.5068883001862379	772.6040649414062	0.22282299867167676	721	47.811671087533156	2.4687313420657646	2.33154	2.77577	2.2988840261972947	0.0382232	0.016560951247811317	0.08022751659154892	1508	70	70	48	3.0691819106563987	1.5299999713897705	3.0	3.0	3.450000047683716	42.55001413385086	5.596134185791016	30.155921936035156	13.604110717773438	151813.0	9.326657867431642	101.47625732421866	48.92443084716797	1.467661678605567	110.0183334350586	418.32122802734375	401.8216247558594	41427.0	235.7188232421875	652.2814086914061	130.91983032226562	30.171720504760742
sub-20_task-localizer_bold	0.003775	0.008512792220149253	1	27.547115197756995	1.0738953406542078	0.9668599542803723	0.5061180565267646	781.4374389648438	0.24486544963006618	241	44.96268656716418	2.471845013585597	2.344856666666667	2.776623333333333	2.2940550407567915	0.023077	0.018362069502472878	0.07960160821676254	536	70	70	48	3.0655566917906767	1.5299999713897705	3.0	3.0	3.450000047683716	37.85447266178119	6.187652111053467	31.282724380493164	14.0	152166.0	9.270522117614746	108.2705192565918	50.419830322265625	1.3908416454415278	114.10504150390625	431.3324279785156	414.84326171875	41119.0	240.17499237060548	673.0376647949219	135.3223114013672	40.87989807128906
sub-21_task-frapps_bold	0.002492011795543905	0.0068004662712975094	1	25.347685546872114	1.1442502653114746	0.9762284433245906	0.45694509728908017	1136.4736328125	0.15199956687570723	214	14.02359108781127	2.5021814391518054	2.4333033333333334	2.8758700000000004	2.197370984122083	0.048304	0.00478964252397418	0.04885849356651306	1526	70	70	48	2.7124161866511565	1.5299999713897705	3.0	3.0	3.450000047683716	46.57958726699213	3.939194440841675	22.27816390991211	12.032438278198242	157378.0	8.514416694641113	75.42922973632812	31.27439308166504	1.6390545179068514	129.8316192626953	455.8086242675781	435.09698486328125	37071.0	229.6415557861328	749.3005065917969	160.40721130371094	39.32374954223633
sub-21_task-localizer_bold	0.0020314179104477612	0.003100352611940299	1	25.11318195732712	1.1827591534953268	0.9821702048224297	0.4575456545283282	1191.19140625	0.1434161862331827	68	12.686567164179104	2.5152119705542537	2.4363266666666665	2.91226	2.197049244996095	0.0164328	0.006437611300498247	0.05044929310679436	536	70	70	48	2.722151686173314	1.5299999713897705	3.0	3.0	3.450000047683716	43.83185701130166	3.6650142669677734	23.13322639465332	12.052238464355469	157479.0	9.21641731262207	80.04496307373049	33.03498840332031	1.541022763154876	134.2999725341797	465.82080078125	446.2835693359375	36943.0	232.64197845458986	766.0988830566408	163.94293212890625	57.873512268066406
sub-22_task-frapps_bold	0.002638559892328398	0.007449908701211305	3	23.13635321473402	1.082869779515151	0.9592572153468009	0.4794074033070755	1053.8370361328125	0.17801305339197265	380	25.57200538358008	2.4339135164074714	2.33238	2.7635199999999998	2.2058405492224136	0.0410354	0.01508168876171112	0.03824646398425102	1486	70	70	48	2.8957909703325044	1.5299999713897705	3.0	3.0	3.450000047683716	44.2002779126182	4.5954694747924805	25.842557907104492	12.863391876220703	152871.0	9.162853240966797	86.12179946899414	41.94453048706055	1.5622773355151454	129.72618103027344	466.4211730957031	444.71905517578125	40596.0	254.87213897705078	742.6186065673828	153.57240295410156	41.665687561035156
sub-22_task-localizer_bold	0.006535140186915888	0.0034090823738317753	2	21.902447693314613	1.2111447588764044	1.0633423430524336	0.48063802669769995	1082.9678955078125	0.1405922839551101	50	9.345794392523365	2.432901970552411	2.3357633333333334	2.7654933333333336	2.1974492449905667	0.0219582	0.015943454578518867	0.03969264030456543	535	70	70	48	2.897234529112053	1.5299999713897705	3.0	3.0	3.450000047683716	42.84356058158816	4.565583229064941	26.904390335083008	13.023365020751953	152880.0	9.5420560836792	91.73850631713863	43.7660026550293	1.382691500029309	134.1103973388672	478.9956359863281	457.17572021484375	40599.0	260.390283203125	765.2203735351562	157.7953338623047	61.63884735107422
sub-23_task-frapps_bold	0.0032506556291390727	0.012434966649006623	0	24.908854873280344	1.0497032457919147	0.9789395290722339	0.47558642655689687	972.6953735351562	0.23243410318578756	872	57.74834437086093	2.5140569459920346	2.439173333333333	2.81747	2.28552750464277	0.0499083	-0.008494637906551361	0.07121967524290085	1510	70	70	48	2.704392111211103	1.5299999713897705	3.0	3.0	3.450000047683716	81.43452127010873	4.8778605461120605	26.274169921875	13.113907814025879	154438.0	9.380794525146484	84.25271644592284	41.29864501953125	4.215509235951769	124.99520874023438	465.0275573730469	437.76092529296875	39311.0	261.7188720703125	754.6960144042969	161.86830139160156	30.762914657592773
sub-23_task-localizer_bold	0.0014470018621973928	0.006344786461824954	0	24.994085006026115	1.0760555349626875	0.948269319701492	0.4770562145925787	980.9822998046875	0.2192118492790319	288	53.63128491620112	2.4985756901023373	2.4319433333333333	2.810586666666667	2.253197070307012	0.0147258	-0.006966483313590288	0.068916916847229	537	70	70	48	2.728958646880051	1.5299999713897705	3.0	3.0	3.450000047683716	65.2809948338912	5.2319016456604	27.364450454711914	13.433892250061035	154570.0	9.484171867370605	91.4276550292968	42.192813873291016	4.086242917023768	129.0001983642578	476.13372802734375	449.7802734375	39181.0	267.8622131347656	767.8268432617188	164.81544494628906	47.498023986816406
sub-24_task-frapps_bold	0.0033061258278145695	0.007058805582781456	1	29.236879960410864	1.1055621619416818	0.9481776340755466	0.49199614943274533	996.0657958984375	0.27901952262668434	1047	69.33774834437087	2.4479712939404568	2.314503333333333	2.770436666666667	2.258973881821371	0.0714003	0.001100066932849586	0.06382431089878082	1510	70	70	48	2.596152539488662	1.5299999713897705	3.0	3.0	3.450000047683716	42.988621018516326	3.8032190799713135	23.191471099853516	12.415563583374023	146194.0	9.435761451721191	79.27675819396978	30.961708068847656	2.45499608733075	128.8224334716797	445.5548095703125	419.0688781738281	45599.0	229.34331665039062	739.3870971679686	161.4174346923828	42.54622268676758
sub-24_task-localizer_bold	0.0007330223880597013	0.0021160626492537312	1	26.310933047102807	1.1857948230841118	0.9969449337943928	0.49151647697835443	1044.97509765625	0.22339045891608988	307	57.276119402985074	2.4507740958363278	2.312326666666667	2.7731	2.266895620842317	0.0184258	0.0005502314888872206	0.06281279027462006	536	70	70	48	2.62789756971957	1.5299999713897705	3.0	3.0	3.450000047683716	34.49935650719048	3.847573757171631	23.74634552001953	12.479476928710938	146185.0	9.494402885437012	83.36454925537103	31.762773513793945	2.2831696920272	132.97776794433594	457.7896728515625	431.8824462890625	45489.0	235.3996154785156	758.2044677734373	164.3434295654297	70.19059753417969
sub-25_task-frapps_bold	0.0014216018766756034	0.0069374383579088456	0	19.98824107024818	1.0321682482964443	0.9606312400804818	0.4849825526019584	1024.153564453125	0.15321326272310626	340	22.788203753351205	2.46602525812863	2.3374866666666665	2.8500266666666665	2.210562441052558	0.0427475	-0.0078074997290968895	0.07831339538097382	1492	70	70	48	2.8242940110617325	1.5299999713897705	3.0	3.0	3.4499998092651367	58.516291599898786	3.6598010063171387	24.57926368713379	12.089142799377441	151306.0	9.201072692871094	83.29775619506836	39.36221694946289	2.052499374976323	118.71995544433594	435.27099609375	412.4661560058594	41734.0	240.56337966918946	708.9947998046873	146.04046630859375	49.074275970458984
sub-25_task-localizer_bold	0.00772657355679702	0.0070495379143389195	0	21.97510732095151	1.0737672282276114	1.0018841013619406	0.4863745999174122	1027.6793212890625	0.17519620367527594	127	23.649906890130353	2.477529219437647	2.3464300000000002	2.877963333333333	2.2081943249796065	0.0148029	-0.006884770002216101	0.0801054909825325	537	70	70	48	2.8543425201504133	1.5299999713897705	3.0	3.0	3.4499998092651367	49.075363847850156	4.025389671325684	25.701732635498047	12.439478874206543	151553.0	9.338919639587402	89.03985290527342	40.5307502746582	1.917346017405145	122.87102508544922	448.4967041015625	425.5307312011719	41513.0	249.98287353515627	726.8487915039063	149.080078125	44.79206848144531
sub-26_task-frapps_bold	0.0024372636484687087	0.020542581291611184	1	34.00208977868088	0.937001760019987	0.8627756663224524	0.5063696352658897	820.6011962890625	0.3793129190056881	800	53.26231691078562	2.5434508582836277	2.3730066666666665	2.810703333333333	2.446642574850883	0.0593855	0.0047852713614702225	0.07827328145503998	1502	70	70	48	2.962322634422784	1.5299999713897705	3.0	3.0	3.4499971866607666	34.38590191468612	5.427982330322266	29.445941925048828	13.480026245117188	149220.0	9.128495216369629	115.42525825500478	48.31227111816406	0.8843503727156268	116.01853942871094	427.4697265625	409.45269775390625	43480.0	225.08607254028323	679.8627593994138	138.21856689453125	23.62530517578125
sub-26_task-localizer_bold	0.006193675373134329	0.01769341082089552	1	31.718744341887874	0.8503171918878508	0.8358402673457949	0.5067464131963348	826.007568359375	0.3940922278861398	199	37.12686567164179	2.545091050117907	2.394946666666667	2.7988433333333336	2.44148315035372	0.0215727	0.006377140525728464	0.07712910324335098	536	70	70	48	2.9777858314039007	1.5299999713897705	3.0	3.0	3.4499971866607666	29.599892420458012	6.135096549987793	31.18302345275879	14.13432788848877	149834.0	9.337686538696289	124.57406730651857	50.493804931640625	0.7910428630947948	121.67710876464844	446.81256103515625	428.3115539550781	43000.0	236.53273010253906	709.7067871093749	143.8339080810547	25.028017044067383
sub-27_task-frapps_bold	0.0020283598937583	0.013317977762284196	0	27.310171985149488	1.0264232870498347	0.9153607374817271	0.5023751868143437	943.9302978515625	0.2312279422881411	612	40.63745019920319	2.527417911962747	2.3947066666666665	2.8558166666666662	2.3317304025549075	0.019789	0.0030438494868576527	0.05077740177512169	1506	70	70	48	2.619202466280107	1.5299999713897705	3.0	3.0	3.450000047683716	53.21295123749641	5.041439533233643	24.39664077758789	13.25830078125	142492.0	9.034893798828126	79.69777641296372	34.96994400024414	1.8971463093094352	134.25820922851562	460.64996337890625	434.30877685546875	48531.0	229.04449462890625	764.1723327636719	165.8154754638672	27.30095100402832
sub-27_task-localizer_bold	0.006043962616822431	0.009215135401869159	2	26.135024377921365	1.122574183951311	1.0320612455617975	0.5017650646173712	987.1488037109375	0.20195913993902784	187	34.953271028037385	2.556575013235763	2.39892	2.900816666666667	2.3699883730406226	0.0139611	0.006471772212535143	0.05016409605741501	535	70	70	48	2.658864959803899	1.5299999713897705	3.0	3.0	3.450000047683716	55.145130058999804	5.00482177734375	24.11069107055664	13.089719772338867	142459.0	8.792523384094238	78.33102798461915	34.270294189453125	1.4985626603208022	137.0174102783203	462.61871337890625	438.2673034667969	48501.0	228.2691650390625	764.9495849609375	164.83078002929688	35.151573181152344
sub-28_task-frapps_bold	0.0026727164573694647	0.011436665803040317	0	22.051297042824075	1.0394343732341265	0.9889706725330691	0.4920408401713895	904.2032470703125	0.21733650326134205	815	53.86649041639127	2.504091631904586	2.38369	2.826173333333333	2.3024115623804238	0.0281397	-0.008954182267189026	0.07593827694654465	1513	70	70	48	2.9095907538410444	1.5299999713897705	3.0	3.0	3.450000047683716	86.81038920153988	5.290529727935791	27.006731033325195	13.224059104919434	150771.0	9.013218879699707	83.77363204956055	46.369144439697266	1.319590247913541	120.02318572998047	450.30511474609375	424.42962646484375	42291.0	263.4127655029297	727.5429992675781	145.8708953857422	37.267791748046875
sub-28_task-localizer_bold	0.0018763738317757008	0.007211258728971962	2	23.959769409625505	1.0924097473970038	0.9702783046254687	0.4910751457587566	929.193603515625	0.19704470259053666	243	45.42056074766355	2.4841715354110208	2.366206666666667	2.810983333333333	2.275324606233063	0.0220252	-0.007361386902630329	0.07623448967933655	535	70	70	48	2.9352060166088405	1.5299999713897705	3.0	3.0	3.450000047683716	77.76277381029092	5.334597587585449	27.325923919677734	13.282243728637695	151062.0	9.143925666809082	85.65411186218257	46.525535583496094	1.174797733921129	123.84303283691406	458.4104309082031	433.8448791503906	42015.0	268.07122192382815	739.7519714355468	147.8055419921875	50.527164459228516
sub-29_task-frapps_bold	0.00289590099009901	0.008318220613861387	1	21.373704036037022	1.0653970874438583	0.9639695935072659	0.47713171670567966	1085.9151611328125	0.16142327421078237	264	17.425742574257427	2.549694585210467	2.475893333333333	2.7775700000000003	2.3956204222980677	0.0565877	-0.01505762618035078	0.05969962850213051	1515	70	70	48	2.688510205568036	1.5299999713897705	3.0	3.0	3.4499998092651367	102.73734432022336	4.27459192276001	23.198471069335938	12.702970504760742	150569.0	9.283828735351562	68.93386230468754	35.52635955810547	2.0595496367569384	135.59596252441406	470.8936767578125	447.850830078125	42436.0	235.94554901123047	771.9490356445312	166.5775909423828	42.025604248046875
sub-29_task-localizer_bold	0.0029727985074626865	0.0033458884328358206	1	20.70713425035512	1.1231806078878512	0.998255004224299	0.47709907374357347	1108.691162109375	0.13809717390785436	67	12.5	2.548061927944112	2.48371	2.7790466666666664	2.381429117165669	0.0184086	-0.013201710768043995	0.05899367481470108	536	70	70	48	2.695456052690992	1.5299999713897705	3.0	3.0	3.4499998092651367	94.13630583038618	4.467168807983398	23.85866928100586	12.947760581970215	150631.0	9.524253845214844	73.52145385742188	36.11066436767578	1.957749947512947	140.24282836914062	484.1253662109375	461.1893310546875	42216.0	242.73041152954102	790.9486694335938	171.09678649902344	59.56426239013672
sub-30_task-frapps_bold	0.009186173913043478	0.011136028963210701	1	27.978537024598385	1.1514276091767064	1.0062712917938428	0.4573613561088558	1309.1700439453125	0.2332310097307193	351	23.47826086956522	2.4925619271430866	2.34866	2.7910633333333332	2.337962448095927	0.0382913	-0.009305710904300213	0.050632257014513016	1495	70	70	48	3.702768959575465	1.5299999713897705	3.0	3.0	3.4499998092651367	63.751522830640056	2.511993646621704	20.310317993164062	10.93712329864502	160668.0	8.833444595336914	63.76096878051757	31.123899459838867	1.16310607559525	95.78898620605469	426.3023986816406	417.7702331542969	34730.0	257.0735336303711	620.6050781249999	112.82481384277344	37.55801773071289
sub-30_task-localizer_bold	0.004434432029795158	0.011011039795158287	0	21.717056849216426	1.0445397809328358	0.951320989365672	0.4545779534110601	1359.1268310546875	0.18787278006648425	127	23.649906890130353	2.5491505204374976	2.425116666666667	2.8426566666666666	2.3796782279791593	0.0342169	-0.010440290905535221	0.04802485927939415	537	70	70	48	3.6051750143052628	1.5299999713897705	3.0	3.0	3.450000047683716	55.99476276235963	3.1142923831939697	21.144012451171875	11.23277473449707	160757.0	8.458100318908691	68.6148971557617	32.614688873291016	1.1268979478815009	104.7056884765625	447.3713684082031	439.33148193359375	34660.0	265.07821502685545	657.9086608886715	121.85958862304688	37.75847244262695
sub-31_task-frapps_bold	0.006511445623342176	0.008167712692307691	1	19.748394719986756	1.0737724313138695	1.02650642896483	0.49014885083155857	1070.818603515625	0.1687795824757529	502	33.289124668435015	2.5615066557806507	2.4506866666666665	2.8709666666666664	2.3628666340086197	0.0751245	-0.005761244334280491	0.06997830420732498	1508	70	70	48	3.114688358135778	1.5299999713897705	3.0	3.0	3.450000047683716	42.52629884003484	4.144994735717773	25.224803924560547	12.573607444763184	149923.0	9.366710662841797	87.45968246459955	37.13669967651367	0.8748434743129412	123.37896728515625	456.2612609863281	440.69000244140625	42526.0	252.92240524291992	709.0641632080078	141.4860076904297	40.773014068603516
sub-31_task-localizer_bold	0.008467132216014897	0.011478538379888268	0	21.233066256380567	0.9973786530223879	0.945255872947761	0.48964036139815126	1095.8236083984375	0.20164639053709033	208	38.733705772811916	2.6263124118486223	2.5089099999999998	2.9444966666666663	2.425530568879201	0.00773639	-0.005649368744343519	0.06714007258415222	537	70	70	48	3.1062307675415535	1.5299999713897705	3.0	3.0	3.4499998092651367	37.981738681011485	4.697667598724365	26.120359420776367	12.950651168823242	150168.0	9.225325584411621	93.47821693420397	37.71673583984375	0.7850826089953853	128.35418701171875	471.0369873046875	455.225341796875	42427.0	257.1655639648438	731.1027893066406	146.55059814453125	35.85930252075195
sub-32_task-frapps_bold	0.00310898921832884	0.00828267574123989	1	25.313748246554294	1.0872984635468665	0.952721732353338	0.5209440259131939	812.5099487304688	0.15842173220658914	303	20.4177897574124	2.585056558997452	2.4419299999999997	2.914593333333333	2.3986463436590233	0.0214874	-0.019360341131687164	0.11232120543718338	1484	70	70	48	2.20508746772326	1.5299999713897705	3.0	3.0	3.450000047683716	46.046513615276616	5.711614608764648	31.907482147216797	14.448112487792969	136465.0	9.985848426818848	115.61051025390597	53.06300735473633	3.016165841588709	158.69137573242188	489.580078125	448.218994140625	53195.0	243.12081451416014	877.2444519042967	203.26394653320312	38.56965637207031
sub-32_task-localizer_bold	0.0009365111940298508	0.004066395839552238	1	21.74550689633646	1.0819143464485987	0.9424402043551404	0.5206883769792924	828.555419921875	0.11631487405202771	21	3.917910447761194	2.5985180565410766	2.4670566666666667	2.92097	2.407527502956563	0.0116145	-0.018794981762766838	0.1127566248178482	536	70	70	48	2.201784957043366	1.5299999713897705	3.0	3.0	3.450000047683716	40.111167769827205	6.085308074951172	33.512264251708984	14.833954811096191	137049.0	10.110074043273926	125.49552154541013	55.65038299560547	2.9380758646895	165.69187927246094	506.4992370605469	463.79290771484375	52822.0	249.22004928588868	911.3398956298823	210.64205932617188	52.524017333984375
sub-33_task-frapps_bold	0.0036363007318695943	0.006709364564204924	1	19.864841972310252	1.1291512587150436	1.0270036186950722	0.49556978044636624	965.224365234375	0.13891463164638035	203	13.506320691949435	2.597510616997405	2.48446	2.915706666666667	2.3923651843255476	0.0809894	0.004297275096178055	0.07263655960559845	1503	70	70	48	2.89815955062007	1.5299999713897705	3.0	3.0	3.450000047683716	38.25868596155885	5.5545806884765625	28.83814811706543	13.54624080657959	149973.0	9.028609275817871	102.88223114013667	44.101383209228516	1.0919478846237034	128.31260681152344	471.0941162109375	451.261474609375	42529.0	247.93851623535156	760.905615234375	155.7043914794922	43.889591217041016
sub-33_task-localizer_bold	0.0016726305970149252	0.0030759191604477613	1	19.069700536822427	1.1405034920000008	0.9983549144112148	0.4947579393962787	983.597412109375	0.11476614748976992	36	6.7164179104477615	2.584941438344945	2.4829466666666664	2.899373333333333	2.3725043150348344	0.0241492	0.006391522474586964	0.07041483372449875	536	70	70	48	2.874347138119438	1.5299999713897705	3.0	3.0	3.450000047683716	33.97685959275976	5.537630558013916	29.599225997924805	13.763059616088867	150001.0	9.548507690429688	107.76492309570312	44.44004821777344	1.0769570889890074	134.43553161621094	484.9889831542969	463.74346923828125	42320.0	256.0274208068848	787.2373107910156	161.33680725097656	65.11573791503906
sub-34_task-frapps_bold	0.0019850664893617024	0.008374696090425533	1	21.405827489900226	1.072094530079839	0.9574019268130426	0.4794514835165032	1135.9879150390625	0.14543689885025138	220	14.627659574468085	2.6155946266201933	2.54724	2.898703333333333	2.4008405465272467	0.0286956	-0.003380006179213524	0.06785301119089127	1504	70	70	48	2.788521533149759	1.5299999713897705	3.0	3.0	3.450000047683716	79.97906000433406	4.189533233642578	24.418981552124023	12.290557861328125	151640.0	8.845744132995605	81.8105056762689	40.04500961303711	1.7912018255998978	135.49151611328125	465.6603088378906	448.3350830078125	41497.0	235.83868713378908	751.7743286132811	160.77684020996094	39.50366973876953
sub-34_task-localizer_bold	0.001125	0.0040701085205992514	3	20.974395086378987	1.0808362520825512	0.9535573516510311	0.4786110289971381	1151.4437255859375	0.13481112831133293	49	9.176029962546817	2.618081244983103	2.551763333333333	2.9028166666666664	2.3996637349493093	0.00585556	-0.001927005359902978	0.06703232228755951	534	70	70	48	2.7471228026802903	1.5299999713897705	3.0	3.0	3.450000047683716	75.62022368739187	4.186823844909668	24.878740310668945	12.400749206542969	151573.0	9.131086349487305	84.32846374511718	40.73381423950195	1.7898447603127856	141.36920166015625	473.35638427734375	455.4635009765625	41432.0	235.59916305541992	771.8767761230465	165.7945556640625	54.28057861328125
